Type,Name,Length,Width,Quantity,Notes,Can Rotate (https://feature-panel-rotation.maxcutsoftware.com),Material,Edging Length 1,Edging Length 2,Edging Width 1,Edging Width 2,Include Edging Thickness,Note 1,Note 2,Note 3,Note 4,Group,Report Tags,Import ID,Parent ID,Library Item Name,Holes Length 1,Holes Length 2,Holes Width 1,Holes Width 2,Grooving Length 1,Grooving Length 2,Grooving Width 1,Grooving Width 2,Material Tag,Edging Length 1 Tag,Edging Length 2 Tag,Edging Width 1 Tag,Edging Width 2 Tag,Apply Machining Charge,Long Expansion,Short Expansion,Include in Optimization
, MBR W1  SP-G,2098,578,1,,,16MR 0102 SGP+FABRIC,0.8MM 0102 SGP,0.8MM 0102 SGP,0.8MM 0102 SGP,0.8MM 0102 SGP,,,,,,,,,,,,,,,,,,,,,,,,,,,
, MBR W1  SP-G,2098,578,1,,,16MR FABRIC+FABRIC,0.8MM FABRIC,0.8MM FABRIC,0.8MM FABRIC,0.8MM FABRIC,,,,,,,,,,,,,,,,,,,,,,,,,,,
,MBR W1  TOP-G,525,578,1,,,16MR FABRIC+FABRIC,0.8MM FABRIC,0.8MM FABRIC,0.8MM FABRIC,0.8MM FABRIC,,,,,,,,,,,,,,,,,,,,,,,,,,,
,MBR W1  BOT-G,525,578,1,,,16MR FABRIC+FABRIC,0.8MM FABRIC,0.8MM FABRIC,0.8MM FABRIC,0.8MM FABRIC,,,,,,,,,,,,,,,,,,,,,,,,,,,
,MBR W1  FS,525,513,1,,,16MR FABRIC+FABRIC,0.8MM FABRIC,0.8MM FABRIC,0.8MM FABRIC,0.8MM FABRIC,,,,,,,,,,,,,,,,,,,,,,,,,,,
,MBR W1  RS,524,513,4,,,16MR FABRIC+FABRIC,0.8MM FABRIC,0.8MM FABRIC,0.8MM FABRIC,0.8MM FABRIC,,,,,,,,,,,,,,,,,,,,,,,,,,,
,MBR W1  BACK,1969,540,1,,,6MR FABRIC+FABRIC,,,,,,,,,,,,,,,,,,,,,,,,,,,,,,,
,MBR W1 DOOR,1986,561,1,,,16HD 0118 SGP+FABRIC CNC,2MM 0118 SGP,2MM 0118 SGP,2MM 0118 SGP,2MM 0118 SGP,,,,,,,,,,,,,,,,,,,,,,,,,,,
,,,,,,,,,,,,,,,,,,,,,,,,,,,,,,,,,,,,,,
, MBR W2  SP-G,2098,578,1,,,16MR 0102 SGP+FABRIC,0.8MM 0102 SGP,0.8MM 0102 SGP,0.8MM 0102 SGP,0.8MM 0102 SGP,,,,  ,,,,,,,,,,,,,,,,,,,,,,,
, MBR W2  SP-G,2098,578,1,,,16MR FABRIC+FABRIC,0.8MM FABRIC,0.8MM FABRIC,0.8MM FABRIC,0.8MM FABRIC,,,,,,,,,,,,,,,,,,,,,,,,,,,
,MBR W2  TOP-G,1778,578,1,,,16MR FABRIC+FABRIC,0.8MM FABRIC,0.8MM FABRIC,0.8MM FABRIC,0.8MM FABRIC,,,,,,,,,,,,,,,,,,,,,,,,,,,
,MBR W2  BOT-G,1778,578,1,,,16MR FABRIC+FABRIC,0.8MM FABRIC,0.8MM FABRIC,0.8MM FABRIC,0.8MM FABRIC,,,,,,,,,,,,,,,,,,,,,,,,,,,
,MBR W2  VP G+G,1952,578,1,,,16MR FABRIC+FABRIC,0.8MM FABRIC,0.8MM FABRIC,0.8MM FABRIC,0.8MM FABRIC,,,,,,,,,,,,,,,,,,,,,,,,,,,
,MBR W2  VP,1058,513,1,,,16MR FABRIC+FABRIC,0.8MM FABRIC,0.8MM FABRIC,0.8MM FABRIC,0.8MM FABRIC,,,,,,,,,,,,,,,,,,,,,,,,,,,
,MBR W2  BACK,1969,893,1,,,6MR FABRIC+FABRIC,,,,,,,,,,,,,,,,,,,,,,,,,,,,,,,
,MBR W2  BACK,1969,893,1,,,6MR FABRIC+FABRIC,,,,,,,,,,,,,,,,,,,,,,,,,,,,,,,
,MBR W2  FS,878,513,2,,,16MR FABRIC+FABRIC,0.8MM FABRIC,0.8MM FABRIC,0.8MM FABRIC,0.8MM FABRIC,,,,,,,,,,,,,,,,,,,,,,,,,,,
,MBR W2  RS,877,513,2,,,16MR FABRIC+FABRIC,0.8MM FABRIC,0.8MM FABRIC,0.8MM FABRIC,0.8MM FABRIC,,,,,,,,,,,,,,,,,,,,,,,,,,,
,MBR W2  FS,428,513,1,,,16MR FABRIC+FABRIC,0.8MM FABRIC,0.8MM FABRIC,0.8MM FABRIC,0.8MM FABRIC,,,,,,,,,,,,,,,,,,,,,,,,,,,
,MBR W2  RS,427,513,2,,,16MR FABRIC+FABRIC,0.8MM FABRIC,0.8MM FABRIC,0.8MM FABRIC,0.8MM FABRIC,,,,,,,,,,,,,,,,,,,,,,,,,,,
,MBR W2  DOOR,1986,449,4,,,16HD 0118 SGP+FABRIC CNC,2MM 0118 SGP,2MM 0118 SGP,2MM 0118 SGP,2MM 0118 SGP,,,,,,,,,,,,,,,,,,,,,,,,,,,
,MBR W2  SKT,2398,108,2,,,16MR 0102 SGP+FABRIC,0.8MM 0102 SGP,0.8MM 0102 SGP,0.8MM 0102 SGP,0.8MM 0102 SGP,,,,,,,,,,,,,,,,,,,,,,,,,,,
,MBR W2  D DUMMY,150,513,4,,,25MR FABRIC+FABRIC,0.8*30 FABRIC,0.8*30 FABRIC,0.8*30 FABRIC,0.8*30 FABRIC,,,,,,,,,,,,,,,,,,,,,,,,,,,
,MBR W2  D VP,150,493,2,,,16MR FABRIC+FABRIC,0.8MM FABRIC,0.8MM FABRIC,0.8MM FABRIC,0.8MM FABRIC,,,,,,,,,,,,,,,,,,,,,,,,,,,
,MBR W2  D SIDE-G,450,120,8,,,16MR FABRIC+FABRIC,0.8MM FABRIC,0.8MM FABRIC,0.8MM FABRIC,0.8MM FABRIC,,,,,,,,,,,,,,,,,,,,,,,,,,,
,MBR W2 D FRONT-G,338,90,4,,,16MR FABRIC+FABRIC,0.8MM FABRIC,0.8MM FABRIC,0.8MM FABRIC,0.8MM FABRIC,,,,,,,,,,,,,,,,,,,,,,,,,,,
,MBR W2 D BACK-G,338,120,4,,,16MR FABRIC+FABRIC,0.8MM FABRIC,0.8MM FABRIC,0.8MM FABRIC,0.8MM FABRIC,,,,,,,,,,,,,,,,,,,,,,,,,,,
,MBR W2 D BOT,429,355,4,,,6MR FABRIC+FABRIC,,,,,,,,,,,,,,,,,,,,,,,,,,,,,,,
,MBR W2 D FACIA,409,144,4,,,16MR FABRIC+FABRIC,2MM FABRIC,2MM FABRIC,2MM FABRIC,2MM FABRIC,,,,,,,,,,,,,,,,,,,,,,,,,,,
,MBR LOFT FILLER,2398,120,2,,,16MR 0102 SGP+FABRIC,0.8MM 0102 SGP,0.8MM 0102 SGP,0.8MM 0102 SGP,0.8MM 0102 SGP,,,,,,,,,,,,,,,,,,,,,,,,,,,
,MBR LOFT FILLER,2398,75,2,,,16MR 0102 SGP+FABRIC,0.8MM 0102 SGP,0.8MM 0102 SGP,0.8MM 0102 SGP,0.8MM 0102 SGP,,,,,,,,,,,,,,,,,,,,,,,,,,,
,MBR LOFT DOOR,494,561,1,,,16HD 0118 SGP+FABRIC,2MM 0118 SGP,2MM 0118 SGP,2MM 0118 SGP,2MM 0118 SGP,,,,,,,,,,,,,,,,,,,,,,,,,,,
,MBR LOFT DOOR,494,469,2,,,16HD 0118 SGP+FABRIC,2MM 0118 SGP,2MM 0118 SGP,2MM 0118 SGP,2MM 0118 SGP,,,,,,,,,,,,,,,,,,,,,,,,,,,
,MBR LOFT DOOR,494,449,4,,,16HD 0118 SGP+FABRIC,2MM 0118 SGP,2MM 0118 SGP,2MM 0118 SGP,2MM 0118 SGP,,,,,,,,,,,,,,,,,,,,,,,,,,,
,MBR LOFT BOTTOM,1100,578,2,,,16MR 0102 SGP+FABRIC,0.8MM 0102 SGP,0.8MM 0102 SGP,0.8MM 0102 SGP,0.8MM 0102 SGP,,,,,,,,,,,,,,,,,,,,,,,,,,,
,MBR LOFT PATTA,2400,100,6,,,16MR FABRIC+FABRIC,0.8MM FABRIC,0.8MM FABRIC,0.8MM FABRIC,0.8MM FABRIC,,,,,,,,,,,,,,,,,,,,,,,,,,,
,,,,,,,,,,,,,,,,,,,,,,,,,,,,,,,,,,,,,,
,MBR BASE   SP-G,400,578,1,,,16MR FABRIC+FABRIC,0.8MM FABRIC,0.8MM FABRIC,0.8MM FABRIC,0.8MM FABRIC,,,,,,,,,,,,,,,,,,,,,,,,,,,
,MBR BASE   SP-G,400,578,1,,,16MR FABRIC+FABRIC,0.8MM FABRIC,0.8MM FABRIC,0.8MM FABRIC,0.8MM FABRIC,,,,,,,,,,,,,,,,,,,,,,,,,,,
,MBR BASE   TOP-G,908,578,1,,,16MR FABRIC+FABRIC,0.8MM FABRIC,0.8MM FABRIC,0.8MM FABRIC,0.8MM FABRIC,,,,,,,,,,,,,,,,,,,,,,,,,,,
,MBR BASE   BOT-G,908,578,1,,,16MR FABRIC+FABRIC,0.8MM FABRIC,0.8MM FABRIC,0.8MM FABRIC,0.8MM FABRIC,,,,,,,,,,,,,,,,,,,,,,,,,,,
,MBR BASE   BACK,269,925,1,,,6MR FABRIC+FABRIC,,,,0.8MM FABRIC,,,,,,,,,,,,,,,,,,,,,,,,,,,
,MBR BASE DOOR,288,469,2,,,16HD 0102 SGP+FABRIC,2MM 0102 SGP,2MM 0102 SGP,2MM 0102 SGP,0.8MM FABRIC,,,,,,,,,,,,,,,,,,,,,,,,,,,
,MBR BASE EXTARA TOP,947,596,1,,,16MR 0102 SGP+FABRIC,2MM 0102 SGP,2MM 0102 SGP,2MM 0102 SGP,2MM 0102 SGP,,,,,,,,,,,,,,,,,,,,,,,,,,,
,,,,,,,,,,,,,,,,,,,,,,,,,,,,,,,,,,,,,,
, GBR W2  SP-G,2096,481,1,,,16MR 0118 SGP+FABRIC,2MM 0118 SGP,2MM 0118 SGP,2MM 0118 SGP,2MM 0118 SGP,,,,,,,,,,,,,,,,,,,,,,,,,,,
, GBR W2  SP-G,2096,596,1,,,16MR FABRIC+FABRIC,2MM 0118 SGP,2MM 0118 SGP,2MM 0118 SGP,2MM 0118 SGP,,,,,,,,,,,,,,,,,,,,,,,,,,,
,GBR W2  TOP-G,1898,596,1,,,16MR FABRIC+FABRIC,2MM 0118 SGP,2MM 0118 SGP,2MM 0118 SGP,2MM 0118 SGP,,,,,,,,,,,,,,,,,,,,,,,,,,,
,GBR W2  BOT-G,1898,596,1,,,16MR FABRIC+FABRIC,2MM 0118 SGP,2MM 0118 SGP,2MM 0118 SGP,2MM 0118 SGP,,,,,,,,,,,,,,,,,,,,,,,,,,,
,GBR W2  VP G+G,1952,498,1,,,16MR FABRIC+FABRIC,0.8MM FABRIC,0.8MM FABRIC,0.8MM FABRIC,0.8MM FABRIC,,,,,,,,,,,,,,,,,,,,,,,,,,,
,GBR W2  BACK,1969,955,1,,,6MR FABRIC+FABRIC,,,,,,,,,,,,,,,,,,,,,,,,,,,,,,,
,GBR W2  BACK,1969,955,1,,,6MR FABRIC+FABRIC,,,,,,,,,,,,,,,,,,,,,,,,,,,,,,,
,GBR W2  FS,938,473,1,,,16MR FABRIC+FABRIC,0.8MM FABRIC,0.8MM FABRIC,0.8MM FABRIC,0.8MM FABRIC,,,,,,,,,,,,,,,,,,,,,,,,,,,
,GBR W2  RS,937,473,1,,,16MR FABRIC+FABRIC,0.8MM FABRIC,0.8MM FABRIC,0.8MM FABRIC,0.8MM FABRIC,,,,,,,,,,,,,,,,,,,,,,,,,,,
,GBR W2  FS,938,358,1,,,16MR FABRIC+FABRIC,0.8MM FABRIC,0.8MM FABRIC,0.8MM FABRIC,0.8MM FABRIC,,,,,,,,,,,,,,,,,,,,,,,,,,,
,GBR W2  RS,937,358,1,,,16MR FABRIC+FABRIC,0.8MM FABRIC,0.8MM FABRIC,0.8MM FABRIC,0.8MM FABRIC,,,,,,,,,,,,,,,,,,,,,,,,,,,
,GBR W2  DOOR,1986,977,2,,,16HD 0102 SGP+FABRIC CNC,2MM 0102 SGP,2MM 0102 SGP,2MM 0102 SGP,2MM 0102 SGP,,,,,,,,,,,,,,,,,,,,,,,,,,,
,GBR W2  SKT,2398,108,1,,,16MR 0118 SGP+FABRIC,0.8MM 0118 SGP,0.8MM 0118 SGP,0.8MM 0118 SGP,0.8MM 0118 SGP,,,,,,,,,,,,,,,,,,,,,,,,,,,
,GBR W2  D DUMMY,148,455,1,,,16MR FABRIC+FABRIC,0.8MM FABRIC,0.8MM FABRIC,0.8MM FABRIC,0.8MM FABRIC,,,,,,,,,,,,,,,,,,,,,,,,,,,
,GBR W2  D DUMMY,148,68,2,,,16MR FABRIC+FABRIC,0.8MM FABRIC,0.8MM FABRIC,0.8MM FABRIC,0.8MM FABRIC,,,,,,,,,,,,,,,,,,,,,,,,,,,
,GBR W2  D DUMMY,148,473,1,,,16MR FABRIC+FABRIC,0.8MM FABRIC,0.8MM FABRIC,0.8MM FABRIC,0.8MM FABRIC,,,,,,,,,,,,,,,,,,,,,,,,,,,
,GBR W2  D VP,148,454,1,,,16MR FABRIC+FABRIC,0.8MM FABRIC,0.8MM FABRIC,0.8MM FABRIC,0.8MM FABRIC,,,,,,,,,,,,,,,,,,,,,,,,,,,
,GBR W2  D SIDE-G,450,120,4,,,16MR FABRIC+FABRIC,0.8MM FABRIC,0.8MM FABRIC,0.8MM FABRIC,0.8MM FABRIC,,,,,,,,,,,,,,,,,,,,,,,,,,,
,GBR W2 D FRONT-G,448,90,2,,,16MR FABRIC+FABRIC,0.8MM FABRIC,0.8MM FABRIC,0.8MM FABRIC,0.8MM FABRIC,,,,,,,,,,,,,,,,,,,,,,,,,,,
,GBR W2 D BACK-G,448,120,2,,,16MR FABRIC+FABRIC,0.8MM FABRIC,0.8MM FABRIC,0.8MM FABRIC,0.8MM FABRIC,,,,,,,,,,,,,,,,,,,,,,,,,,,
,GBR W2 D 6MM BACK,429,365,2,,,6MR FABRIC+FABRIC,,,,,,,,,,,,,,,,,,,,,,,,,,,,,,,
,GBR W2 D FACIA,419,144,2,,,16MR FABRIC+FABRIC,2MM FABRIC,2MM FABRIC,2MM FABRIC,2MM FABRIC,,,,,,,,,,,,,,,,,,,,,,,,,,,
,GBR LOFT FILLER,2398,120,1,,,16MR 0118 SGP+FABRIC,0.8MM 0118 SGP,0.8MM 0118 SGP,0.8MM 0118 SGP,0.8MM 0118 SGP,,,,,,,,,,,,,,,,,,,,,,,,,,,
,GBR LOFT FILLER,2398,75,1,,,16MR 0118 SGP+FABRIC,0.8MM 0118 SGP,0.8MM 0118 SGP,0.8MM 0118 SGP,0.8MM 0118 SGP,,,,,,,,,,,,,,,,,,,,,,,,,,,
,GBR LOFT DOOR,484,479,4,,,16HD 0102 SGP+FABRIC,2MM 0102 SGP,2MM 0102 SGP,2MM 0102 SGP,2MM 0102 SGP,,,,,,,,,,,,,,,,,,,,,,,,,,,
,GBR LOFT SIDE,700,578,1,,,16MR 0118 SGP+FABRIC,0.8MM 0118 SGP,0.8MM 0118 SGP,0.8MM 0118 SGP,0.8MM 0118 SGP,,,,,,,,,,,,,,,,,,,,,,,,,,,
,GBR LOFT PATTA,2400,100,5,,,16MR FABRIC+FABRIC,0.8MM FABRIC,0.8MM FABRIC,0.8MM FABRIC,0.8MM FABRIC,,,,,,,,,,,,,,,,,,,,,,,,,,,
,,,,,,,,,,,,,,,,,,,,,,,,,,,,,,,,,,,,,,
,GBR DR BASE   SP-G,408,428,1,,,16MR 0118 SGP+FABRIC,0.8MM 0118 SGP,0.8MM 0118 SGP,0.8MM 0118 SGP,0.8MM 0118 SGP,,,,,,,,,,,,,,,,,,,,,,,,,,,
,GBR DR BASE   SP-G,408,428,1,,,16MR FABRIC+FABRIC,0.8MM FABRIC,0.8MM FABRIC,0.8MM FABRIC,0.8MM FABRIC,,,,,,,,,,,,,,,,,,,,,,,,,,,
,GBR DR BASE   TOP-G,418,428,1,,,16MR FABRIC+FABRIC,0.8MM FABRIC,0.8MM FABRIC,0.8MM FABRIC,0.8MM FABRIC,,,,,,,,,,,,,,,,,,,,,,,,,,,
,GBR DR BASE   BOT-G,418,428,1,,,16MR FABRIC+FABRIC,0.8MM FABRIC,0.8MM FABRIC,0.8MM FABRIC,0.8MM FABRIC,,,,,,,,,,,,,,,,,,,,,,,,,,,
,GBR DR BASE   BACK,279,435,1,,,6MR FABRIC+FABRIC,,,,,,,,,,,,,,,,,,,,,,,,,,,,,,,
,GBR DR BASE EXTARA TOP,496,446,1,,,16MR 0118 SGP+FABRIC,0.8MM 0118 SGP,0.8MM 0118 SGP,0.8MM 0118 SGP,0.8MM 0118 SGP,,,,,,,,,,,,,,,,,,,,,,,,,,,
,GBR DR BASE SKARTIG,108,600,1,,,16MR 0118 SGP+FABRIC,0.8MM 0118 SGP,0.8MM 0118 SGP,0.8MM 0118 SGP,0.8MM 0118 SGP,,,,,,,,,,,,,,,,,,,,,,,,,,,
,GBR DR BASE  D SIDE-G,398,120,8,,,16MR FABRIC+FABRIC,0.8MM FABRIC,0.8MM FABRIC,0.8MM FABRIC,0.8MM FABRIC,,,,,,,,,,,,,,,,,,,,,,,,,,,
,GBR DR BASE D FRONT-G,353,90,4,,,16MR FABRIC+FABRIC,0.8MM FABRIC,0.8MM FABRIC,0.8MM FABRIC,0.8MM FABRIC,,,,,,,,,,,,,,,,,,,,,,,,,,,
,GBR DR BASE D BACK-G,353,120,4,,,16MR FABRIC+FABRIC,0.8MM FABRIC,0.8MM FABRIC,0.8MM FABRIC,0.8MM FABRIC,,,,,,,,,,,,,,,,,,,,,,,,,,,
,GBR DR BASE D 6MM BACK,379,370,2,,,6MR FABRIC+FABRIC,,,,,,,,,,,,,,,,,,,,,,,,,,,,,,,
,GBR DR BASE D FACIA,454,144,2,,,16HD 0102 SGP+FABRIC,2MM 0102 SGP,2MM 0102 SGP,2MM 0102 SGP,2MM 0102 SGP,,,,,,,,,,,,,,,,,,,,,,,,,,,
,,,,,,,,,,,,,,,,,,,,,,,,,,,,,,,,,,,,,,
,GBR DR WALL SIDE-G,1768,298,1,,,16MR 0118 SGP+FABRIC,0.8MM 0118 SGP,0.8MM 0118 SGP,0.8MM 0118 SGP,0.8MM 0118 SGP,,,,,,,,,,,,,,,,,,,,,,,,,,,
,GBR DR WALL SIDE-G,1768,298,1,,,16MR FABRIC+FABRIC,0.8MM FABRIC,0.8MM FABRIC,0.8MM FABRIC,0.8MM FABRIC,,,,,,,,,,,,,,,,,,,,,,,,,,,
,GBR DR WALL TOP-G,418,298,1,,,16MR FABRIC+FABRIC,0.8MM FABRIC,0.8MM FABRIC,0.8MM FABRIC,0.8MM FABRIC,,,,,,,,,,,,,,,,,,,,,,,,,,,
,GBR DR WALL BOTTM-G,418,298,1,,,16MR FABRIC+FABRIC,0.8MM FABRIC,0.8MM FABRIC,0.8MM FABRIC,0.8MM FABRIC,,,,,,,,,,,,,,,,,,,,,,,,,,,
,GBR DR WALL 6MM BACK,1549,435,1,,,6MR FABRIC+FABRIC,,,,,,,,,,,,,,,,,,,,,,,,,,,,,,,
,GBR DR WALL FS,418,250,1,,,16MR FABRIC+FABRIC,0.8MM FABRIC,0.8MM FABRIC,0.8MM FABRIC,0.8MM FABRIC,,,,,,,,,,,,,,,,,,,,,,,,,,,
,GBR DR WALL RS,417,250,1,,,16MR FABRIC+FABRIC,0.8MM FABRIC,0.8MM FABRIC,0.8MM FABRIC,0.8MM FABRIC,,,,,,,,,,,,,,,,,,,,,,,,,,,
,GBR DR WALL FILLR,2400,75,1,,,16MR 0118 SGP+FABRIC,0.8MM 0118 SGP,0.8MM 0118 SGP,0.8MM 0118 SGP,0.8MM 0118 SGP,,,,,,,,,,,,,,,,,,,,,,,,,,,
,GBR DR WALL DUMMI,454,94,1,,,16HD 0118 SGP+FABRIC,0.8MM 0118 SGP,0.8MM 0118 SGP,0.8MM 0118 SGP,0.8MM 0118 SGP,,,,,,,,,,,,,,,,,,,,,,,,,,,
,GBR DR WALL DOOR,1464,454,1,,,16HD 0118 SGP+FABRIC,2MM 0118 SGP,2MM 0118 SGP,2MM 0118 SGP,2MM 0118 SGP,,,,,,,,,,,,,,,,,,,,,,,,,,,
,,,,,,,,,,,,,,,,,,,,,,,,,,,,,,,,,,,,,,
, KBR W2  SP-G,2098,578,1,,,16MR 269 SMT+FABRIC,0.8MM 269 SMT,0.8MM 269 SMT,0.8MM 269 SMT,0.8MM 269 SMT,,,,,,,,,,,,,,,,,,,,,,,,,,,
, KBR W2  SP-G,2098,578,1,,,16MR FABRIC+FABRIC,0.8MM FABRIC,0.8MM FABRIC,0.8MM FABRIC,0.8MM FABRIC,,,,,,,,,,,,,,,,,,,,,,,,,,,
,KBR W2  TOP-G,1308,578,1,,,16MR FABRIC+FABRIC,0.8MM FABRIC,0.8MM FABRIC,0.8MM FABRIC,0.8MM FABRIC,,,,,,,,,,,,,,,,,,,,,,,,,,,
,KBR W2  BOT-G,1308,578,1,,,16MR FABRIC+FABRIC,0.8MM FABRIC,0.8MM FABRIC,0.8MM FABRIC,0.8MM FABRIC,,,,,,,,,,,,,,,,,,,,,,,,,,,
,KBR W2  VP G+G,1952,578,1,,,16MR FABRIC+FABRIC,0.8MM FABRIC,0.8MM FABRIC,0.8MM FABRIC,0.8MM FABRIC,,,,,,,,,,,,,,,,,,,,,,,,,,,
,KBR W2  BACK,1969,436,1,,,6MR FABRIC+FABRIC,,,,,,,,,,,,,,,,,,,,,,,,,,,,,,,
,KBR W2  BACK,1969,956,1,,,6MR FABRIC+FABRIC,,,,,,,,,,,,,,,,,,,,,,,,,,,,,,,
,KBR W2  FS,418,513,2,,,16MR FABRIC+FABRIC,0.8MM FABRIC,0.8MM FABRIC,0.8MM FABRIC,0.8MM FABRIC,,,,,,,,,,,,,,,,,,,,,,,,,,,
,KBR W2  RS,417,513,2,,,16MR FABRIC+FABRIC,0.8MM FABRIC,0.8MM FABRIC,0.8MM FABRIC,0.8MM FABRIC,,,,,,,,,,,,,,,,,,,,,,,,,,,
,KBR W2  FS,868,513,1,,,16MR FABRIC+FABRIC,0.8MM FABRIC,0.8MM FABRIC,0.8MM FABRIC,0.8MM FABRIC,,,,,,,,,,,,,,,,,,,,,,,,,,,
,KBR W2  RS,867,513,1,,,16MR FABRIC+FABRIC,0.8MM FABRIC,0.8MM FABRIC,0.8MM FABRIC,0.8MM FABRIC,,,,,,,,,,,,,,,,,,,,,,,,,,,
,KBR W2  D SIDE-G,450,120,2,,,16MR FABRIC+FABRIC,0.8MM FABRIC,0.8MM FABRIC,0.8MM FABRIC,0.8MM FABRIC,,,,,,,,,,,,,,,,,,,,,,,,,,,
,KBR W2 D FRONT-G,683,90,1,,,16MR FABRIC+FABRIC,0.8MM FABRIC,0.8MM FABRIC,0.8MM FABRIC,0.8MM FABRIC,,,,,,,,,,,,,,,,,,,,,,,,,,,
,KBR W2 D BACK-G,683,120,1,,,16MR FABRIC+FABRIC,0.8MM FABRIC,0.8MM FABRIC,0.8MM FABRIC,0.8MM FABRIC,,,,,,,,,,,,,,,,,,,,,,,,,,,
,KBR W2 D 6MM BACK,429,700,1,,,6MR FABRIC+FABRIC,,,,,,,,,,,,,,,,,,,,,,,,,,,,,,,
,KBR W2 D FACIA,747,144,1,,,16MR FABRIC+FABRIC,2MM FABRIC,2MM FABRIC,2MM FABRIC,2MM FABRIC,,,,,,,,,,,,,,,,,,,,,,,,,,,
,KBR W2  D DUMMY,148,493,2,,,16MR FABRIC+FABRIC,0.8MM FABRIC,0.8MM FABRIC,0.8MM FABRIC,0.8MM FABRIC,,,,,,,,,,,,,,,,,,,,,,,,,,,
,KBR W2  D DUMMY,148,58,4,,,16MR FABRIC+FABRIC,0.8MM FABRIC,0.8MM FABRIC,0.8MM FABRIC,0.8MM FABRIC,,,,,,,,,,,,,,,,,,,,,,,,,,,
,KBR W2  DOOR,1986,444,3,,,16HD 269 SMT+FABRIC CNC,2MM 269 SMT,2MM 269 SMT,2MM 269 SMT,2MM 269 SMT,,,,,,,,,,,,,,,,,,,,,,,,,,,
,KBR LOFT FILLER,2398,120,1,,,16MR 269 SMT+FABRIC,0.8MM 269 SMT,0.8MM 269 SMT,0.8MM 269 SMT,0.8MM 269 SMT,,,,,,,,,,,,,,,,,,,,,,,,,,,
,KBR LOFT FILLER,2398,75,1,,,16MR 269 SMT+FABRIC,0.8MM 269 SMT,0.8MM 269 SMT,0.8MM 269 SMT,0.8MM 269 SMT,,,,,,,,,,,,,,,,,,,,,,,,,,,
,KBR W2  SKT,2398,108,1,,,16MR 269 SMT+FABRIC,0.8MM 269 SMT,0.8MM 269 SMT,0.8MM 269 SMT,0.8MM 269 SMT,,,,,,,,,,,,,,,,,,,,,,,,,,,
,KBR W2  LOFT SIDE,700,578,1,,,16MR 269 SMT+FABRIC,0.8MM 269 SMT,0.8MM 269 SMT,0.8MM 269 SMT,0.8MM 269 SMT,,,,,,,,,,,,,,,,,,,,,,,,,,,
,KBR W2  LOFT PATTA,700,100,4,,,16MR FABRIC+FABRIC,0.8MM FABRIC,0.8MM FABRIC,0.8MM FABRIC,0.8MM FABRIC,,,,,,,,,,,,,,,,,,,,,,,,,,,
,KBR W2  LOFT DOOR,484,444,2,,,16HD 269 SMT+FABRIC,2MM 269 SMT,2MM 269 SMT,2MM 269 SMT,2MM 269 SMT,,,,,,,,,,,,,,,,,,,,,,,,,,,
,KBR W2  LOFT DOOR,484,370,1,,,16HD 269 SMT+FABRIC,2MM 269 SMT,2MM 269 SMT,2MM 269 SMT,2MM 269 SMT,,,,,,,,,,,,,,,,,,,,,,,,,,,
,,,,,,,,,,,,,,,,,,,,,,,,,,,,,,,,,,,,,,
,KBR WALL SIDE,1611,346,1,,,16MR 269 SMT+269 SMT,2MM 269 SMT,2MM 269 SMT,2MM 269 SMT,2MM 269 SMT,,,,,,,,,,,,,,,,,,,,,,,,,,,
,KBR WALL SIDE,1611,346,1,,,16MR 269 SMT+FABRIC,2MM 269 SMT,2MM 269 SMT,2MM 269 SMT,2MM 269 SMT,,,,,,,,,,,,,,,,,,,,,,,,,,,
,KBR WALL TOP,404,346,1,,,16MR 269 SMT+269 SMT,2MM 269 SMT,2MM 269 SMT,2MM 269 SMT,2MM 269 SMT,,,,,,,,,,,,,,,,,,,,,,,,,,,
,KBR WALL BOTTM,404,346,1,,,16MR 269 SMT+FABRIC,2MM 269 SMT,2MM 269 SMT,2MM 269 SMT,2MM 269 SMT,,,,,,,,,,,,,,,,,,,,,,,,,,,
,KBR WALL 16MM BACK,1573,406,1,,,16MR 269 SMT+FABRIC,0.8MM 269 SMT,0.8MM 269 SMT,0.8MM 269 SMT,0.8MM 269 SMT,,,,,,,,,,,,,,,,,,,,,,,,,,,
,KBR WALL FS,404,327,3,,,16MR 269 SMT+269 SMT,2MM 269 SMT,2MM 269 SMT,2MM 269 SMT,2MM 269 SMT,,,,,,,,,,,,,,,,,,,,,,,,,,,
,,,,,,,,,,,,,,,,,,,,,,,,,,,,,,,,,,,,,,
,KBR BASE STD TOP,1512,596,1,,,16MR 269 SMT+269 SMT,2MM 269 SMT,2MM 269 SMT,2MM 269 SMT,2MM 269 SMT,,,,,,,,,,,,,,,,,,,,,,,,,,,
,KBR WALL 16MM BACK,1575,316,1,,,16MR 269 SMT+FABRIC,2MM 269 SMT,2MM 269 SMT,2MM 269 SMT,2MM 269 SMT,,,,,,,,,,,,,,,,,,,,,,,,,,,
,,,,,,,,,,,,,,,,,,,,,,,,,,,,,,,,,,,,,,
,WASH TALL   SP-G,2098,428,1,,,16BWP 0102 SGP+FABRIC,0.8MM 0102 SGP,0.8MM 0102 SGP,0.8MM 0102 SGP,0.8MM 0102 SGP,,,,,,,,,,,,,,,,,,,,,,,,,,,
,WASH TALL   SP-G,2098,428,1,,,16BWP FABRIC+FABRIC,0.8MM FABRIC,0.8MM FABRIC,0.8MM FABRIC,0.8MM FABRIC,,,,,,,,,,,,,,,,,,,,,,,,,,,
,WASH TALL   TOP-G,358,428,1,,,16BWP 0102 SGP+FABRIC,0.8MM 0102 SGP,0.8MM 0102 SGP,0.8MM 0102 SGP,0.8MM 0102 SGP,,,,,,,,,,,,,,,,,,,,,,,,,,,
,WASH TALL   BOT-G,358,428,1,,,16BWP FABRIC+FABRIC,0.8MM FABRIC,0.8MM FABRIC,0.8MM FABRIC,0.8MM FABRIC,,,,,,,,,,,,,,,,,,,,,,,,,,,
,WASH TALL  6MM BACK,1969,373,1,,,6BWP FABRIC+FABRIC,,,,,,,,,,,,,,,,,,,,,,,,,,,,,,,
,WASH TALL   FS,358,380,2,,,16BWP FABRIC+FABRIC,0.8MM FABRIC,0.8MM FABRIC,0.8MM FABRIC,0.8MM FABRIC,,,,,,,,,,,,,,,,,,,,,,,,,,,
,WASH TALL   RS,357,380,2,,,16BWP FABRIC+FABRIC,0.8MM FABRIC,0.8MM FABRIC,0.8MM FABRIC,0.8MM FABRIC,,,,,,,,,,,,,,,,,,,,,,,,,,,
,,,,,,,,,,,,,,,,,,,,,,,,,,,,,,,,,,,,,,
,WASH BASE   SP-,798,428,1,,,16BWP FABRIC+FABRIC,0.8MM FABRIC,0.8MM FABRIC,0.8MM FABRIC,0.8MM FABRIC,,,,,,,,,,,,,,,,,,,,,,,,,,,
,WASH BASE   SP-,798,428,1,,,16BWP FABRIC+FABRIC,0.8MM FABRIC,0.8MM FABRIC,0.8MM FABRIC,0.8MM FABRIC,,,,,,,,,,,,,,,,,,,,,,,,,,,
,WASH BASE   BOT-,738,428,1,,,16BWP FABRIC+FABRIC,0.8MM FABRIC,0.8MM FABRIC,0.8MM FABRIC,0.8MM FABRIC,,,,,,,,,,,,,,,,,,,,,,,,,,,
,WASH BASE  RIPPR,738,100,4,,,16BWP FABRIC+FABRIC,0.8MM FABRIC,0.8MM FABRIC,0.8MM FABRIC,0.8MM FABRIC,,,,,,,,,,,,,,,,,,,,,,,,,,,
,WASH BASE   DOOR,656,384,2,,,16BWP 0102 SGP+FABRIC,0.8MM 0102 SGP,0.8MM 0102 SGP,0.8MM 0102 SGP,0.8MM 0102 SGP,,,,,,,,,,,,,,,,,,,,,,,,,,,
,WASH BASE  SKARTIG,1300,109,1,,,16BWP 0102 SGP+FABRIC,0.8MM 0102 SGP,0.8MM 0102 SGP,0.8MM 0102 SGP,0.8MM 0102 SGP,,,,,,,,,,,,,,,,,,,,,,,,,,,
,WASH BASE  FILLR,2400,75,1,,,16BWP 0102 SGP+FABRIC,0.8MM 0102 SGP,0.8MM 0102 SGP,0.8MM 0102 SGP,0.8MM 0102 SGP,,,,,,,,,,,,,,,,,,,,,,,,,,,
,,,,,,,,,,,,,,,,,,,,,,,,,,,,,,,,,,,,,,
,KIT BASE 1 SIDE-G,698,558,1,,,16BWP FABRIC+FABRIC,0.8MM FABRIC,0.8MM FABRIC,0.8MM FABRIC,0.8MM FABRIC,,,,,,,,,,,,,,,,,,,,,,,,,,,
,KIT BASE 1 SIDE-G,698,558,1,,,16BWP FABRIC+FABRIC,0.8MM FABRIC,0.8MM FABRIC,0.8MM FABRIC,0.8MM FABRIC,,,,,,,,,,,,,,,,,,,,,,,,,,,
,KIT BASE 1 TOP-G,408,533,1,,,16BWP FABRIC+FABRIC,0.8MM FABRIC,0.8MM FABRIC,0.8MM FABRIC,0.8MM FABRIC,,,,,,,,,,,,,,,,,,,,,,,,,,,
,KIT BASE 1 BOT-G,408,558,1,,,16BWP FABRIC+FABRIC,0.8MM FABRIC,0.8MM FABRIC,0.8MM FABRIC,0.8MM FABRIC,,,,,,,,,,,,,,,,,,,,,,,,,,,
,KIT BASE 1 BACK 6MM ,679,425,1,,,6BWP FABRIC+FABRIC,,,,,,,,,,,,,,,,,,,,,,,,,,,,,,,
,KIT BASE 1 DOOR,670,445,1,,,16PRL MRK 544 AR+FABRIC,1.3MM PRL AR,1.3MM PRL AR,1.3MM PRL AR,1.3MM PRL AR,,,,,,,,,,,,,,,,,,,,,,,,,,,
,KIT BASE 1 RS,407,500,1,,,16BWP FABRIC+FABRIC,0.8MM FABRIC,0.8MM FABRIC,0.8MM FABRIC,0.8MM FABRIC,,,,,,,,,,,,,,,,,,,,,,,,,,,
,,,,,,,,,,,,,,,,,,,,,,,,,,,,,,,,,,,,,,
,KIT BASE 2 SIDE-G,698,558,1,,,16BWP FABRIC+FABRIC,0.8MM FABRIC,0.8MM FABRIC,0.8MM FABRIC,0.8MM FABRIC,,,,,,,,,,,,,,,,,,,,,,,,,,,
,KIT BASE 2 SIDE-G,698,558,1,,,16BWP FABRIC+FABRIC,0.8MM FABRIC,0.8MM FABRIC,0.8MM FABRIC,0.8MM FABRIC,,,,,,,,,,,,,,,,,,,,,,,,,,,
,KIT BASE 2 TOP-G,168,533,1,,,16BWP FABRIC+FABRIC,0.8MM FABRIC,0.8MM FABRIC,0.8MM FABRIC,0.8MM FABRIC,,,,,,,,,,,,,,,,,,,,,,,,,,,
,KIT BASE 2 BOT-G,168,558,1,,,16BWP FABRIC+FABRIC,0.8MM FABRIC,0.8MM FABRIC,0.8MM FABRIC,0.8MM FABRIC,,,,,,,,,,,,,,,,,,,,,,,,,,,
,KIT BASE 2 BACK 6MM ,679,183,1,,,6BWP FABRIC+FABRIC,,,,,,,,,,,,,,,,,,,,,,,,,,,,,,,
,KIT BASE 2 DOOR,670,215,1,,,16PRL MRK 544 AR+FABRIC,1.3MM PRL AR,1.3MM PRL AR,1.3MM PRL AR,1.3MM PRL AR,,,,,,,,,,,,,,,,,,,,,,,,,,,
,,,,,,,,,,,,,,,,,,,,,,,,,,,,,,,,,,,,,,
,KIT BASE 3 SIDE-G,698,558,1,,,16BWP FABRIC+FABRIC,0.8MM FABRIC,0.8MM FABRIC,0.8MM FABRIC,0.8MM FABRIC,,,,,,,,,,,,,,,,,,,,,,,,,,,
,KIT BASE 3 SIDE-G,698,558,1,,,16BWP FABRIC+FABRIC,0.8MM FABRIC,0.8MM FABRIC,0.8MM FABRIC,0.8MM FABRIC,,,,,,,,,,,,,,,,,,,,,,,,,,,
,KIT BASE 3 TOP-G,708,533,1,,,16BWP FABRIC+FABRIC,0.8MM FABRIC,0.8MM FABRIC,0.8MM FABRIC,0.8MM FABRIC,,,,,,,,,,,,,,,,,,,,,,,,,,,
,KIT BASE 3 BOT-G,708,558,1,,,16BWP FABRIC+FABRIC,0.8MM FABRIC,0.8MM FABRIC,0.8MM FABRIC,0.8MM FABRIC,,,,,,,,,,,,,,,,,,,,,,,,,,,
,KIT BASE 3 6MM BACK,679,725,1,,,6BWP FABRIC+FABRIC,,,,,,,,,,,,,,,,,,,,,,,,,,,,,,,
,KIT BASE 3 TEN BOT,640,500,3,,,16BWP FABRIC+FABRIC,0.8MM FABRIC,0.8MM FABRIC,0.8MM FABRIC,0.8MM FABRIC,,,,,,,,,,,,,,,,,,,,,,,,,,,
,KIT BASE 3 TEN BACK,630,90,2,,,16BWP FABRIC+FABRIC,0.8MM FABRIC,0.8MM FABRIC,0.8MM FABRIC,0.8MM FABRIC,,,,,,,,,,,,,,,,,,,,,,,,,,,
,KIT BASE 3 TEN BACK,630,200,1,,,16BWP FABRIC+FABRIC,0.8MM FABRIC,0.8MM FABRIC,0.8MM FABRIC,0.8MM FABRIC,,,,,,,,,,,,,,,,,,,,,,,,,,,
,KIT BASE 3 FACIYA,322,745,1,,,16PRL MRK 544 AR+FABRIC,1.3MM PRL AR,1.3MM PRL AR,1.3MM PRL AR,1.3MM PRL AR,,,,,,,,,,,,,,,,,,,,,,,,,,,
,KIT BASE 3 FACIYA ,157,745,2,,,16PRL MRK 544 AR+FABRIC,1.3MM PRL AR,1.3MM PRL AR,1.3MM PRL AR,1.3MM PRL AR,,,,,,,,,,,,,,,,,,,,,,,,,,,
,,,,,,,,,,,,,,,,,,,,,,,,,,,,,,,,,,,,,,
,KIT BASE 4 SIDE-G,698,558,1,,,16BWP FABRIC+FABRIC,0.8MM FABRIC,0.8MM FABRIC,0.8MM FABRIC,0.8MM FABRIC,,,,,,,,,,,,,,,,,,,,,,,,,,,
,KIT BASE 4 SIDE-G,698,478,1,,,16BWP FABRIC+FABRIC,0.8MM FABRIC,0.8MM FABRIC,0.8MM FABRIC,0.8MM FABRIC,,,,,,,,,,,,,,,,,,,,,,,,,,,
,KIT BASE 4 TOP-G,938,938,1,,,16BWP FABRIC+FABRIC,0.8MM FABRIC,0.8MM FABRIC,0.8MM FABRIC,0.8MM FABRIC,,,,,,,,,,,,,,,,,,,,,,,,,,,
,KIT BASE 4 BOT-G,938,938,1,,,16BWP FABRIC+FABRIC,0.8MM FABRIC,0.8MM FABRIC,0.8MM FABRIC,0.8MM FABRIC,,,,,,,,,,,,,,,,,,,,,,,,,,,
,KIT BASE 4 BACK 18MM ,938,658,1,,,16BWP FABRIC+FABRIC,0.8MM FABRIC,0.8MM FABRIC,0.8MM FABRIC,0.8MM FABRIC,,,,,,,,,,,,,,,,,,,,,,,,,,,
,KIT BASE 4 BACK 18MM ,918,658,1,,,16BWP FABRIC+FABRIC,0.8MM FABRIC,0.8MM FABRIC,0.8MM FABRIC,0.8MM FABRIC,,,,,,,,,,,,,,,,,,,,,,,,,,,
,KIT BASE 4 RS,918,918,1,,,16BWP FABRIC+FABRIC,0.8MM FABRIC,0.8MM FABRIC,0.8MM FABRIC,0.8MM FABRIC,,,,,,,,,,,,,,,,,,,,,,,,,,,
,KIT BASE 4 DOOR,670,395,1,,,16PRL MRK 544 AR+FABRIC,1.3MM PRL AR,1.3MM PRL AR,1.3MM PRL AR,1.3MM PRL AR,,,,,,,,,,,,,,,,,,,,,,,,,,,
,KIT BASE 4 DOOR,670,375,1,,,16PRL MRK 544 AR+FABRIC,1.3MM PRL AR,1.3MM PRL AR,1.3MM PRL AR,1.3MM PRL AR,,,,,,,,,,,,,,,,,,,,,,,,,,,
,,,,,,,,,,,,,,,,,,,,,,,,,,,,,,,,,,,,,,
,KIT BASE 5 SIDE-G,698,558,1,,,16BWP FABRIC+FABRIC,0.8MM FABRIC,0.8MM FABRIC,0.8MM FABRIC,0.8MM FABRIC,,,,,,,,,,,,,,,,,,,,,,,,,,,
,KIT BASE 5 SIDE-G,698,558,1,,,16BWP FABRIC+FABRIC,0.8MM FABRIC,0.8MM FABRIC,0.8MM FABRIC,0.8MM FABRIC,,,,,,,,,,,,,,,,,,,,,,,,,,,
,KIT BASE 5 TOP-G,558,553,1,,,16BWP FABRIC+FABRIC,0.8MM FABRIC,0.8MM FABRIC,0.8MM FABRIC,0.8MM FABRIC,,,,,,,,,,,,,,,,,,,,,,,,,,,
,KIT BASE 5 BOT-G,558,558,1,,,16BWP FABRIC+FABRIC,0.8MM FABRIC,0.8MM FABRIC,0.8MM FABRIC,0.8MM FABRIC,,,,,,,,,,,,,,,,,,,,,,,,,,,
,KIT BASE 5 6MM BACK,679,575,1,,,6BWP FABRIC+FABRIC,,,,,,,,,,,,,,,,,,,,,,,,,,,,,,,
,KIT BASE 5 TEN BOT,490,500,2,,,16BWP FABRIC+FABRIC,0.8MM FABRIC,0.8MM FABRIC,0.8MM FABRIC,0.8MM FABRIC,,,,,,,,,,,,,,,,,,,,,,,,,,,
,KIT BASE 5 TEN BACK,480,200,2,,,16BWP FABRIC+FABRIC,0.8MM FABRIC,0.8MM FABRIC,0.8MM FABRIC,0.8MM FABRIC,,,,,,,,,,,,,,,,,,,,,,,,,,,
,KIT BASE 5 TEN FACIYA,322,595.4,2,,,16PRL MRK 544 AR+FABRIC,1.3MM PRL AR,1.3MM PRL AR,1.3MM PRL AR,1.3MM PRL AR,,,,,,,,,,,,,,,,,,,,,,,,,,,
,,,,,,,,,,,,,,,,,,,,,,,,,,,,,,,,,,,,,,
,WASH BASE   SP-,808,558,1,,,16HD MRK 544 AR+FABRIC,0.8MM 544 AR,0.8MM 544 AR,0.8MM 544 AR,0.8MM 544 AR,,,,,,,,,,,,,,,,,,,,,,,,,,,
,WASH BASE   SP-,798,558,1,,,16BWP FABRIC+FABRIC,0.8MM FABRIC,0.8MM FABRIC,0.8MM FABRIC,0.8MM FABRIC,,,,,,,,,,,,,,,,,,,,,,,,,,,
,WASH BASE   BOT-,808,558,1,,,16BWP FABRIC+FABRIC,0.8MM FABRIC,0.8MM FABRIC,0.8MM FABRIC,0.8MM FABRIC,,,,,,,,,,,,,,,,,,,,,,,,,,,
,WASH BASE  RIPPR,808,100,4,,,16BWP FABRIC+FABRIC,0.8MM FABRIC,0.8MM FABRIC,0.8MM FABRIC,0.8MM FABRIC,,,,,,,,,,,,,,,,,,,,,,,,,,,
,WASH BASE   DOOR,670,419,2,,,16PRL MRK 544 AR+FABRIC,1.3MM PRL AR,1.3MM PRL AR,1.3MM PRL AR,1.3MM PRL AR,,,,,,,,,,,,,,,,,,,,,,,,,,,
,WASH BASE  SKARTIG,2400,109,2,,,16HD MRK 544 AR+FABRIC,1.3MM 544 AR,1.3MM 544 AR,1.3MM 544 AR,1.3MM 544 AR,,,,,,,,,,,,,,,,,,,,,,,,,,,
,WASH BASE  FILLR,2400,75,1,,,16HD MRK 544 AR+FABRIC,1.3MM 544 AR,1.3MM 544 AR,1.3MM 544 AR,1.3MM 544 AR,,,,,,,,,,,,,,,,,,,,,,,,,,,
,,,,,,,,,,,,,,,,,,,,,,,,,,,,,,,,,,,,,,
,KIT WALL 1 SIDE-G,748,298,1,,,16MR FABRIC+FABRIC,0.8MM FABRIC,0.8MM FABRIC,0.8MM FABRIC,0.8MM 544 AR,,,,,,,,,,,,,,,,,,,,,,,,,,,
,KIT WALL 1 SIDE-G,748,298,1,,,16MR FABRIC+FABRIC,0.8MM FABRIC,0.8MM FABRIC,0.8MM FABRIC,0.8MM 544 AR,,,,,,,,,,,,,,,,,,,,,,,,,,,
,KIT WALL 1 TOP-G,323,298,1,,,16MR FABRIC+FABRIC,0.8MM FABRIC,0.8MM FABRIC,0.8MM FABRIC,0.8MM FABRIC,,,,,,,,,,,,,,,,,,,,,,,,,,,
,KIT WALL 1 BOTTM-G,323,298,1,,,16HD MRK 544 AR+FABRIC,0.8MM 544 AR,0.8MM 544 AR,0.8MM 544 AR,0.8MM 544 AR,,,,,,,,,,,,,,,,,,,,,,,,,,,
,KIT WALL 1 6MM BACK,725,338,1,,,6MR FABRIC+FABRIC,,,,,,,,,,,,,,,,,,,,,,,,,,,,,,,
,KIT WALL 1 RS,321,250,2,,,16MR FABRIC+FABRIC,0.8MM FABRIC,0.8MM FABRIC,0.8MM FABRIC,0.8MM FABRIC,,,,,,,,,,,,,,,,,,,,,,,,,,,
,KIT WALL 1 DOOR,745.4,361,1,,,16PRL MRK 544 AR+FABRIC,1.3MM PRL AR,1.3MM PRL AR,1.3MM PRL AR,1.3MM PRL AR,,,,,,,,,,,,,,,,,,,,,,,,,,,
,,,,,,,,,,,,,,,,,,,,,,,,,,,,,,,,,,,,,,
,KIT WALL 2 SIDE-G,748,298,1,,,16HD MRK 544 AR+FABRIC,0.8MM 544 AR,0.8MM 544 AR,0.8MM 544 AR,0.8MM 544 AR,,,,,,,,,,,,,,,,,,,,,,,,,,,
,KIT WALL 2 SIDE-G,748,298,1,,,16MR FABRIC+FABRIC,0.8MM FABRIC,0.8MM FABRIC,0.8MM FABRIC,0.8MM 544 AR,,,,,,,,,,,,,,,,,,,,,,,,,,,
,KIT WALL 2 TOP-G,358,298,1,,,16MR FABRIC+FABRIC,0.8MM FABRIC,0.8MM FABRIC,0.8MM FABRIC,0.8MM FABRIC,,,,,,,,,,,,,,,,,,,,,,,,,,,
,KIT WALL 2 BOTTM-G,358,298,1,,,16HD MRK 544 AR+FABRIC,0.8MM 544 AR,0.8MM 544 AR,0.8MM 544 AR,0.8MM 544 AR,,,,,,,,,,,,,,,,,,,,,,,,,,,
,KIT WALL 2 6MM BACK,725,375,1,,,6MR FABRIC+FABRIC,,,,,,,,,,,,,,,,,,,,,,,,,,,,,,,
,KIT WALL 2 RS,357,250,2,,,16MR FABRIC+FABRIC,0.8MM FABRIC,0.8MM FABRIC,0.8MM FABRIC,0.8MM FABRIC,,,,,,,,,,,,,,,,,,,,,,,,,,,
,,,,,,,,,,,,,,,,,,,,,,,,,,,,,,,,,,,,,,
,KIT WALL 3 SIDE-G,748,298,1,,,16HD MRK 544 AR+FABRIC,0.8MM 544 AR,0.8MM 544 AR,0.8MM 544 AR,0.8MM 544 AR,,,,,,,,,,,,,,,,,,,,,,,,,,,
,KIT WALL 3 SIDE-G,748,298,1,,,16MR FABRIC+FABRIC,0.8MM FABRIC,0.8MM FABRIC,0.8MM FABRIC,0.8MM 544 AR,,,,,,,,,,,,,,,,,,,,,,,,,,,
,KIT WALL 3 TOP-G,358,298,1,,,16MR FABRIC+FABRIC,0.8MM FABRIC,0.8MM FABRIC,0.8MM FABRIC,0.8MM FABRIC,,,,,,,,,,,,,,,,,,,,,,,,,,,
,KIT WALL 3 BOTTM-G,358,298,1,,,16HD MRK 544 AR+FABRIC,0.8MM 544 AR,0.8MM 544 AR,0.8MM 544 AR,0.8MM 544 AR,,,,,,,,,,,,,,,,,,,,,,,,,,,
,KIT WALL 3 6MM BACK,725,375,1,,,6MR FABRIC+FABRIC,,,,,,,,,,,,,,,,,,,,,,,,,,,,,,,
,KIT WALL 3 RS,357,250,2,,,16MR FABRIC+FABRIC,0.8MM FABRIC,0.8MM FABRIC,0.8MM FABRIC,0.8MM FABRIC,,,,,,,,,,,,,,,,,,,,,,,,,,,
,,,,,,,,,,,,,,,,,,,,,,,,,,,,,,,,,,,,,,
,KIT WALL 4 SIDE-G,748,298,1,,,16MR FABRIC+FABRIC,0.8MM FABRIC,0.8MM FABRIC,0.8MM FABRIC,0.8MM 544 AR,,,,,,,,,,,,,,,,,,,,,,,,,,,
,KIT WALL 4 SIDE-G,748,298,1,,,16MR FABRIC+FABRIC,0.8MM FABRIC,0.8MM FABRIC,0.8MM FABRIC,0.8MM 544 AR,,,,,,,,,,,,,,,,,,,,,,,,,,,
,KIT WALL 4 TOP-G,323,298,1,,,16MR FABRIC+FABRIC,0.8MM FABRIC,0.8MM FABRIC,0.8MM FABRIC,0.8MM FABRIC,,,,,,,,,,,,,,,,,,,,,,,,,,,
,KIT WALL 4 BOTTM-G,323,298,1,,,16HD MRK 544 AR+FABRIC,0.8MM 544 AR,0.8MM 544 AR,0.8MM 544 AR,0.8MM 544 AR,,,,,,,,,,,,,,,,,,,,,,,,,,,
,KIT WALL 4 6MM BACK,725,338,1,,,6MR FABRIC+FABRIC,,,,,,,,,,,,,,,,,,,,,,,,,,,,,,,
,KIT WALL 4 RS,321,250,2,,,16MR FABRIC+FABRIC,0.8MM FABRIC,0.8MM FABRIC,0.8MM FABRIC,0.8MM FABRIC,,,,,,,,,,,,,,,,,,,,,,,,,,,
,KIT WALL 4 DOOR,745.4,360,1,,,16PRL MRK 544 AR+FABRIC,1.3MM PRL AR,1.3MM PRL AR,1.3MM PRL AR,1.3MM PRL AR,,,,,,,,,,,,,,,,,,,,,,,,,,,
,,,,,,,,,,,,,,,,,,,,,,,,,,,,,,,,,,,,,,
,KIT WALL 5 SIDE-G,748,298,1,,,16HD MRK 544 AR+FABRIC,0.8MM 544 AR,0.8MM 544 AR,0.8MM 544 AR,0.8MM 544 AR,,,,,,,,,,,,,,,,,,,,,,,,,,,
,KIT WALL 5 SIDE,748,298,1,,,16HD MRK 544 AR+FABRIC,0.8MM 544 AR,0.8MM 544 AR,0.8MM 544 AR,0.8MM 544 AR,,,,,,,,,,,,,,,,,,,,,,,,,,,
,KIT WALL 5 TOP G-260 ,843,298,1,,,16MR FABRIC+FABRIC,0.8MM FABRIC,0.8MM FABRIC,0.8MM FABRIC,0.8MM FABRIC,,,,,,,,,,,,,,,,,,,,,,,,,,,
,KIT WALL 5 BOTTM-G,260,298,1,,,16HD MRK 544 AR+FABRIC,0.8MM 544 AR,0.8MM 544 AR,0.8MM 544 AR,0.8MM 544 AR,,,,,,,,,,,,,,,,,,,,,,,,,,,
,KIT WALL 5 RIPPR,561,100,2,,,16MR FABRIC+FABRIC,0.8MM FABRIC,0.8MM FABRIC,0.8MM FABRIC,0.8MM FABRIC,,,,,,,,,,,,,,,,,,,,,,,,,,,
,KIT WALL 5 VP,728,298,1,,,16MR FABRIC+FABRIC,0.8MM FABRIC,0.8MM FABRIC,0.8MM FABRIC,0.8MM FABRIC,,,,,,,,,,,,,,,,,,,,,,,,,,,
,KIT WALL 5 6MM BACK,725,275,1,,,6MR FABRIC+FABRIC,,,,,,,,,,,,,,,,,,,,,,,,,,,,,,,
,KIT WALL 5 RS,260,250,2,,,16MR FABRIC+FABRIC,0.8MM FABRIC,0.8MM FABRIC,0.8MM FABRIC,0.8MM FABRIC,,,,,,,,,,,,,,,,,,,,,,,,,,,
,KIT WALL 5 DOOR,745.4,437,2,,,16PRL MRK 544 AR+FABRIC,1.3MM PRL AR,1.3MM PRL AR,1.3MM PRL AR,1.3MM PRL AR,,,,,,,,,,,,,,,,,,,,,,,,,,,
,,,,,,,,,,,,,,,,,,,,,,,,,,,,,,,,,,,,,,
,KIT LOFT BOT,1200,478,2,,,16HD MRK 544 AR+FABRIC,0.8MM 544 AR,0.8MM 544 AR,0.8MM 544 AR,0.8MM 544 AR,,,,,,,,,,,,,,,,,,,,,,,,,,,
,KIT LOFT DOOR,465,359,1,,,16PRL MRK 544 AR+FABRIC,1.3MM PRL AR,1.3MM PRL AR,1.3MM PRL AR,1.3MM PRL AR,,,,,,,,,,,,,,,,,,,,,,,,,,,
,KIT LOFT DOOR,465,395,4,,,16PRL MRK 544 AR+FABRIC,1.3MM PRL AR,1.3MM PRL AR,1.3MM PRL AR,1.3MM PRL AR,,,,,,,,,,,,,,,,,,,,,,,,,,,
,KIT LOFT DOOR,465,339,1,,,16PRL MRK 544 AR+FABRIC,1.3MM PRL AR,1.3MM PRL AR,1.3MM PRL AR,1.3MM PRL AR,,,,,,,,,,,,,,,,,,,,,,,,,,,
,KIT LOFT PATTA,2440,100,5,,,16MR FABRIC+FABRIC,0.8MM FABRIC,0.8MM FABRIC,0.8MM FABRIC,0.8MM FABRIC,,,,,,,,,,,,,,,,,,,,,,,,,,,
,KIT LOFT SIDE,600,478,1,,,16HD MRK 544 AR+FABRIC,0.8MM 544 AR,0.8MM 544 AR,0.8MM 544 AR,0.8MM 544 AR,,,,,,,,,,,,,,,,,,,,,,,,,,,
,,,,,,,,,,,,,,,,,,,,,,,,,,,,,,,,,,,,,,
,KIT OVEN SIDE,798,558,1,,,16HD MRK 544 AR+MRK 544 AR,0.8MM 544 AR,0.8MM 544 AR,0.8MM 544 AR,0.8MM 544 AR,,,,,,,,,,,,,,,,,,,,,,,,,,,
,KIT OVEN SIDE,798,558,1,,,16HD MRK 544 AR+MRK 544 AR,0.8MM 544 AR,0.8MM 544 AR,0.8MM 544 AR,0.8MM 544 AR,,,,,,,,,,,,,,,,,,,,,,,,,,,
,KIT OVEN TOP,558,558,1,,,16HD MRK 544 AR+FABRIC,0.8MM 544 AR,0.8MM 544 AR,0.8MM 544 AR,0.8MM 544 AR,,,,,,,,,,,,,,,,,,,,,,,,,,,
,KIT OVEN BOT,558,558,1,,,16HD MRK 544 AR+FABRIC,0.8MM 544 AR,0.8MM 544 AR,0.8MM 544 AR,0.8MM 544 AR,,,,,,,,,,,,,,,,,,,,,,,,,,,
,KIT OVEN FS,558,540,1,,,16HD MRK 544 AR+FABRIC,0.8MM 544 AR,0.8MM 544 AR,0.8MM 544 AR,0.8MM 544 AR,,,,,,,,,,,,,,,,,,,,,,,,,,,
,KIT OVEN 16MM BACK,688,558,1,,,16HD MRK 544 AR+FABRIC,0.8MM 544 AR,0.8MM 544 AR,0.8MM 544 AR,0.8MM 544 AR,,,,,,,,,,,,,,,,,,,,,,,,,,,
,KIT OVEN TEN BOT,490,500,1,,,16BWP FABRIC+FABRIC,0.8MM FABRIC,0.8MM FABRIC,0.8MM FABRIC,0.8MM FABRIC,,,,,,,,,,,,,,,,,,,,,,,,,,,
,KIT OVEN TEN BACK,480,200,1,,,16BWP FABRIC+FABRIC,0.8MM FABRIC,0.8MM FABRIC,0.8MM FABRIC,0.8MM FABRIC,,,,,,,,,,,,,,,,,,,,,,,,,,,
,KIT OVEN TEN FACIYA,145,595.4,1,,,16PRL MRK 544 AR+FABRIC,1.3MM PRL AR,1.3MM PRL AR,1.3MM PRL AR,1.3MM PRL AR,,,,,,,,,,,,,,,,,,,,,,,,,,,
,KIT OVEN SKRTIG,600,99,1,,,16HD MRK 544 AR+FABRIC,1.3MM 544 AR,1.3MM 544 AR,1.3MM 544 AR,1.3MM 544 AR,,,,,,,,,,,,,,,,,,,,,,,,,,,
,,,,,,,,,,,,,,,,,,,,,,,,,,,,,,,,,,,,,,
,KIT LEDGE,597.4,297.4,3,,,16HD MRK 544 AR+MRK 544 AR,1.3MM 544 AR,1.3MM 544 AR,1.3MM 544 AR,1.3MM 544 AR,,,,,,,,,,,,,,,,,,,,,,,,,,,
,KIT LEDGE,150,597.4,3,,,16HD MRK 544 AR+FABRIC,1.3MM 544 AR,1.3MM 544 AR,1.3MM 544 AR,1.3MM 544 AR,,,,,,,,,,,,,,,,,,,,,,,,,,,
,,,,,,,,,,,,,,,,,,,,,,,,,,,,,,,,,,,,,,
,SINK SIDE,898,558,2,,,16BWP 269 SMT+FABRIC,0.8MM 269 SMT,0.8MM 269 SMT,0.8MM 269 SMT,0.8MM 269 SMT,,,,,,,,,,,,,,,,,,,,,,,,,,,
,SINK RIPPR,962,100,3,,,16BWP FABRIC+FABRIC,0.8MM FABRIC,0.8MM FABRIC,0.8MM FABRIC,0.8MM FABRIC,,,,,,,,,,,,,,,,,,,,,,,,,,,
,SINK DOOR,896,494,2,,,16BWP 269 SMT+FABRIC,2MM 269 SMT,2MM 269 SMT,2MM 269 SMT,2MM 269 SMT,,,,,,,,,,,,,,,,,,,,,,,,,,,
,,,,,,,,,,,,,,,,,,,,,,,,,,,,,,,,,,,,,,
,UTILITY WALL SIDE-G,598,298,2,,,16BWP 269 SMT+FABRIC,0.8MM 269 SMT,0.8MM 269 SMT,0.8MM 269 SMT,0.8MM 269 SMT,,,,,,,,,,,,,,,,,,,,,,,,,,,
,UTILITY WALL TOP-G,638,298,1,,,16MR FABRIC+FABRIC,0.8MM FABRIC,0.8MM FABRIC,0.8MM FABRIC,0.8MM FABRIC,,,,,,,,,,,,,,,,,,,,,,,,,,,
,UTILITY WALL BOT-G,638,298,1,,,16BWP 269 SMT+FABRIC,0.8MM 269 SMT,0.8MM 269 SMT,0.8MM 269 SMT,0.8MM 269 SMT,,,,,,,,,,,,,,,,,,,,,,,,,,,
,UTILITY WALL RS,638,250,1,,,16MR FABRIC+FABRIC,0.8MM FABRIC,0.8MM FABRIC,0.8MM FABRIC,0.8MM FABRIC,,,,,,,,,,,,,,,,,,,,,,,,,,,
,UTILITY WALL DOOR,595,336,2,,,16BWP 269 SMT+FABRIC,2MM 269 SMT,2MM 269 SMT,2MM 269 SMT,2MM 269 SMT,,,,,,,,,,,,,,,,,,,,,,,,,,,
